mode,index,seconds
baseline,0,0.014513
sandbox,0,0.015829
sandbox_setup,0,0.008479
baseline,1,0.016858
sandbox,1,0.014385
sandbox_setup,1,0.007530
baseline,2,0.015023
sandbox,2,0.014229
sandbox_setup,2,0.007473
baseline,3,0.014377
sandbox,3,0.014955
sandbox_setup,3,0.007567
baseline,4,0.013930
sandbox,4,0.014647
sandbox_setup,4,0.007571
baseline,5,0.014635
sandbox,5,0.014360
sandbox_setup,5,0.007552
baseline,6,0.013517
sandbox,6,0.014526
sandbox_setup,6,0.007184
baseline,7,0.014099
sandbox,7,0.014529
sandbox_setup,7,0.007596
baseline,8,0.013959
sandbox,8,0.015711
sandbox_setup,8,0.007259
baseline,9,0.013969
sandbox,9,0.013570
sandbox_setup,9,0.007116
baseline,10,0.013825
sandbox,10,0.013994
sandbox_setup,10,0.007241
baseline,11,0.013828
sandbox,11,0.023319
sandbox_setup,11,0.016436
baseline,12,0.013354
sandbox,12,0.013956
sandbox_setup,12,0.007259
baseline,13,0.014507
sandbox,13,0.014082
sandbox_setup,13,0.007160
baseline,14,0.013821
sandbox,14,0.014000
sandbox_setup,14,0.007119
baseline,15,0.015000
sandbox,15,0.013818
sandbox_setup,15,0.007317
baseline,16,0.013511
sandbox,16,0.014045
sandbox_setup,16,0.007132
baseline,17,0.015032
sandbox,17,0.014886
sandbox_setup,17,0.007778
baseline,18,0.014419
sandbox,18,0.014699
sandbox_setup,18,0.007510
baseline,19,0.015386
sandbox,19,0.014743
sandbox_setup,19,0.007603
baseline,20,0.014774
sandbox,20,0.015177
sandbox_setup,20,0.008118
baseline,21,0.014426
sandbox,21,0.014900
sandbox_setup,21,0.007632
baseline,22,0.016563
sandbox,22,0.015177
sandbox_setup,22,0.007782
baseline,23,0.016077
sandbox,23,0.014419
sandbox_setup,23,0.007602
baseline,24,0.014803
sandbox,24,0.014023
sandbox_setup,24,0.007190
baseline,25,0.014823
sandbox,25,0.015119
sandbox_setup,25,0.008167
baseline,26,0.013630
sandbox,26,0.013947
sandbox_setup,26,0.007187
baseline,27,0.014786
sandbox,27,0.013976
sandbox_setup,27,0.007083
baseline,28,0.015007
sandbox,28,0.014901
sandbox_setup,28,0.007673
baseline,29,0.014745
sandbox,29,0.014296
sandbox_setup,29,0.007446
baseline,30,0.014434
sandbox,30,0.014135
sandbox_setup,30,0.007135
baseline,31,0.014697
sandbox,31,0.015013
sandbox_setup,31,0.007834
baseline,32,0.014409
sandbox,32,0.014048
sandbox_setup,32,0.007278
baseline,33,0.014324
sandbox,33,0.013941
sandbox_setup,33,0.007332
baseline,34,0.014422
sandbox,34,0.014129
sandbox_setup,34,0.007416
baseline,35,0.014270
sandbox,35,0.014223
sandbox_setup,35,0.007230
baseline,36,0.013265
sandbox,36,0.014232
sandbox_setup,36,0.007236
baseline,37,0.014987
sandbox,37,0.014103
sandbox_setup,37,0.007345
baseline,38,0.013231
sandbox,38,0.013921
sandbox_setup,38,0.007168
baseline,39,0.013104
sandbox,39,0.013763
sandbox_setup,39,0.007275
baseline,40,0.014126
sandbox,40,0.013827
sandbox_setup,40,0.007291
baseline,41,0.013962
sandbox,41,0.013909
sandbox_setup,41,0.007212
baseline,42,0.014013
sandbox,42,0.013555
sandbox_setup,42,0.007120
baseline,43,0.015118
sandbox,43,0.014253
sandbox_setup,43,0.007560
baseline,44,0.013638
sandbox,44,0.015783
sandbox_setup,44,0.007378
baseline,45,0.013994
sandbox,45,0.014251
sandbox_setup,45,0.007352
baseline,46,0.014653
sandbox,46,0.015272
sandbox_setup,46,0.007828
baseline,47,0.014411
sandbox,47,0.014864
sandbox_setup,47,0.007614
baseline,48,0.014425
sandbox,48,0.014673
sandbox_setup,48,0.007738
baseline,49,0.013699
sandbox,49,0.015686
sandbox_setup,49,0.008342
baseline,50,0.014842
sandbox,50,0.014547
sandbox_setup,50,0.007590
baseline,51,0.015284
sandbox,51,0.015280
sandbox_setup,51,0.007991
baseline,52,0.017385
sandbox,52,0.014919
sandbox_setup,52,0.007730
baseline,53,0.013470
sandbox,53,0.014273
sandbox_setup,53,0.007266
baseline,54,0.013716
sandbox,54,0.013969
sandbox_setup,54,0.007181
baseline,55,0.013205
sandbox,55,0.013549
sandbox_setup,55,0.007090
baseline,56,0.014423
sandbox,56,0.018929
sandbox_setup,56,0.007628
baseline,57,0.016475
sandbox,57,0.013490
sandbox_setup,57,0.007058
baseline,58,0.014200
sandbox,58,0.014004
sandbox_setup,58,0.007219
baseline,59,0.014075
sandbox,59,0.015079
sandbox_setup,59,0.007334
baseline,60,0.013721
sandbox,60,0.014717
sandbox_setup,60,0.007526
baseline,61,0.014095
sandbox,61,0.014840
sandbox_setup,61,0.007461
baseline,62,0.014954
sandbox,62,0.014813
sandbox_setup,62,0.007464
baseline,63,0.014087
sandbox,63,0.014010
sandbox_setup,63,0.007196
baseline,64,0.014676
sandbox,64,0.013951
sandbox_setup,64,0.007183
baseline,65,0.013679
sandbox,65,0.014866
sandbox_setup,65,0.007115
baseline,66,0.015087
sandbox,66,0.014437
sandbox_setup,66,0.006988
baseline,67,0.013893
sandbox,67,0.013985
sandbox_setup,67,0.007318
baseline,68,0.013523
sandbox,68,0.013880
sandbox_setup,68,0.007286
baseline,69,0.013572
sandbox,69,0.017374
sandbox_setup,69,0.007440
baseline,70,0.013594
sandbox,70,0.013957
sandbox_setup,70,0.007402
baseline,71,0.013138
sandbox,71,0.013894
sandbox_setup,71,0.007284
baseline,72,0.013480
sandbox,72,0.013724
sandbox_setup,72,0.007160
baseline,73,0.013038
sandbox,73,0.013541
sandbox_setup,73,0.007046
baseline,74,0.013012
sandbox,74,0.013782
sandbox_setup,74,0.007081
baseline,75,0.014255
sandbox,75,0.014648
sandbox_setup,75,0.007588
baseline,76,0.013362
sandbox,76,0.015094
sandbox_setup,76,0.007458
baseline,77,0.013673
sandbox,77,0.014010
sandbox_setup,77,0.007191
baseline,78,0.015515
sandbox,78,0.015119
sandbox_setup,78,0.007403
baseline,79,0.013367
sandbox,79,0.015709
sandbox_setup,79,0.007542
baseline,80,0.014134
sandbox,80,0.014393
sandbox_setup,80,0.007375
baseline,81,0.014006
sandbox,81,0.014346
sandbox_setup,81,0.007273
baseline,82,0.014844
sandbox,82,0.014853
sandbox_setup,82,0.007527
baseline,83,0.013707
sandbox,83,0.014036
sandbox_setup,83,0.007413
baseline,84,0.013861
sandbox,84,0.014836
sandbox_setup,84,0.007551
baseline,85,0.013253
sandbox,85,0.013771
sandbox_setup,85,0.007304
baseline,86,0.014877
sandbox,86,0.028211
sandbox_setup,86,0.018150
baseline,87,0.017106
sandbox,87,0.013855
sandbox_setup,87,0.007290
baseline,88,0.016542
sandbox,88,0.014943
sandbox_setup,88,0.007506
baseline,89,0.013668
sandbox,89,0.014211
sandbox_setup,89,0.007467
baseline,90,0.014246
sandbox,90,0.014239
sandbox_setup,90,0.007377
baseline,91,0.014530
sandbox,91,0.014524
sandbox_setup,91,0.007435
baseline,92,0.015120
sandbox,92,0.014773
sandbox_setup,92,0.007606
baseline,93,0.013727
sandbox,93,0.024557
sandbox_setup,93,0.017531
baseline,94,0.013470
sandbox,94,0.013794
sandbox_setup,94,0.007182
baseline,95,0.013449
sandbox,95,0.015797
sandbox_setup,95,0.007786
baseline,96,0.017812
sandbox,96,0.015931
sandbox_setup,96,0.007588
baseline,97,0.014566
sandbox,97,0.014384
sandbox_setup,97,0.007388
baseline,98,0.013223
sandbox,98,0.014379
sandbox_setup,98,0.007825
baseline,99,0.013526
sandbox,99,0.013980
sandbox_setup,99,0.007135
baseline,100,0.013475
sandbox,100,0.013969
sandbox_setup,100,0.007339
baseline,101,0.013548
sandbox,101,0.013609
sandbox_setup,101,0.007041
baseline,102,0.013957
sandbox,102,0.015393
sandbox_setup,102,0.007454
baseline,103,0.013131
sandbox,103,0.014030
sandbox_setup,103,0.007326
baseline,104,0.012995
sandbox,104,0.013973
sandbox_setup,104,0.007066
baseline,105,0.014046
sandbox,105,0.013720
sandbox_setup,105,0.007157
baseline,106,0.014075
sandbox,106,0.014232
sandbox_setup,106,0.007491
baseline,107,0.013602
sandbox,107,0.015832
sandbox_setup,107,0.007404
baseline,108,0.015709
sandbox,108,0.017592
sandbox_setup,108,0.007876
baseline,109,0.014455
sandbox,109,0.015499
sandbox_setup,109,0.007274
baseline,110,0.014409
sandbox,110,0.014448
sandbox_setup,110,0.007435
baseline,111,0.013969
sandbox,111,0.015140
sandbox_setup,111,0.007386
baseline,112,0.014338
sandbox,112,0.013877
sandbox_setup,112,0.007330
baseline,113,0.015143
sandbox,113,0.014902
sandbox_setup,113,0.007364
baseline,114,0.015487
sandbox,114,0.027799
sandbox_setup,114,0.017286
baseline,115,0.016765
sandbox,115,0.014593
sandbox_setup,115,0.007508
baseline,116,0.015312
sandbox,116,0.015255
sandbox_setup,116,0.007725
baseline,117,0.014405
sandbox,117,0.014390
sandbox_setup,117,0.007518
baseline,118,0.013642
sandbox,118,0.013748
sandbox_setup,118,0.007142
baseline,119,0.014136
sandbox,119,0.013631
sandbox_setup,119,0.007009
baseline,120,0.014309
sandbox,120,0.014491
sandbox_setup,120,0.007753
baseline,121,0.014002
sandbox,121,0.014147
sandbox_setup,121,0.007136
baseline,122,0.014014
sandbox,122,0.015840
sandbox_setup,122,0.007362
baseline,123,0.014506
sandbox,123,0.014746
sandbox_setup,123,0.007212
baseline,124,0.014818
sandbox,124,0.014382
sandbox_setup,124,0.007588
baseline,125,0.015100
sandbox,125,0.014313
sandbox_setup,125,0.007235
baseline,126,0.014753
sandbox,126,0.014137
sandbox_setup,126,0.007382
baseline,127,0.013562
sandbox,127,0.016819
sandbox_setup,127,0.007416
baseline,128,0.014159
sandbox,128,0.014038
sandbox_setup,128,0.007293
baseline,129,0.014529
sandbox,129,0.014223
sandbox_setup,129,0.007219
baseline,130,0.013915
sandbox,130,0.014426
sandbox_setup,130,0.007371
baseline,131,0.013894
sandbox,131,0.017173
sandbox_setup,131,0.007616
baseline,132,0.017234
sandbox,132,0.013772
sandbox_setup,132,0.007229
baseline,133,0.013728
sandbox,133,0.013796
sandbox_setup,133,0.007234
baseline,134,0.013442
sandbox,134,0.014238
sandbox_setup,134,0.007283
baseline,135,0.013842
sandbox,135,0.014807
sandbox_setup,135,0.007717
baseline,136,0.014552
sandbox,136,0.015076
sandbox_setup,136,0.007463
baseline,137,0.013839
sandbox,137,0.014246
sandbox_setup,137,0.007394
baseline,138,0.013880
sandbox,138,0.014610
sandbox_setup,138,0.007525
baseline,139,0.013496
sandbox,139,0.014117
sandbox_setup,139,0.007285
baseline,140,0.014698
sandbox,140,0.015740
sandbox_setup,140,0.007084
baseline,141,0.015402
sandbox,141,0.014502
sandbox_setup,141,0.007681
baseline,142,0.013721
sandbox,142,0.013824
sandbox_setup,142,0.007338
baseline,143,0.015461
sandbox,143,0.014576
sandbox_setup,143,0.007337
baseline,144,0.015333
sandbox,144,0.017208
sandbox_setup,144,0.007333
baseline,145,0.013944
sandbox,145,0.014695
sandbox_setup,145,0.007501
baseline,146,0.014142
sandbox,146,0.015215
sandbox_setup,146,0.007481
baseline,147,0.014157
sandbox,147,0.014457
sandbox_setup,147,0.007527
baseline,148,0.014264
sandbox,148,0.014348
sandbox_setup,148,0.007461
baseline,149,0.013292
sandbox,149,0.013615
sandbox_setup,149,0.007107
baseline,150,0.013211
sandbox,150,0.013814
sandbox_setup,150,0.007157
baseline,151,0.013073
sandbox,151,0.013584
sandbox_setup,151,0.007037
baseline,152,0.014724
sandbox,152,0.013391
sandbox_setup,152,0.006997
baseline,153,0.014913
sandbox,153,0.015016
sandbox_setup,153,0.007138
baseline,154,0.014712
sandbox,154,0.014153
sandbox_setup,154,0.007164
baseline,155,0.013617
sandbox,155,0.014179
sandbox_setup,155,0.007076
baseline,156,0.014278
sandbox,156,0.014397
sandbox_setup,156,0.007453
baseline,157,0.013684
sandbox,157,0.016146
sandbox_setup,157,0.007804
baseline,158,0.014012
sandbox,158,0.014079
sandbox_setup,158,0.007121
baseline,159,0.013405
sandbox,159,0.014063
sandbox_setup,159,0.007162
baseline,160,0.014461
sandbox,160,0.014801
sandbox_setup,160,0.007504
baseline,161,0.014034
sandbox,161,0.014153
sandbox_setup,161,0.007457
baseline,162,0.014326
sandbox,162,0.013744
sandbox_setup,162,0.007166
baseline,163,0.014222
sandbox,163,0.025664
sandbox_setup,163,0.017709
baseline,164,0.016222
sandbox,164,0.013987
sandbox_setup,164,0.007162
baseline,165,0.013807
sandbox,165,0.015014
sandbox_setup,165,0.008266
baseline,166,0.014199
sandbox,166,0.015459
sandbox_setup,166,0.008135
baseline,167,0.014005
sandbox,167,0.014278
sandbox_setup,167,0.007272
baseline,168,0.015153
sandbox,168,0.014348
sandbox_setup,168,0.007336
baseline,169,0.014487
sandbox,169,0.014579
sandbox_setup,169,0.007449
baseline,170,0.015311
sandbox,170,0.014796
sandbox_setup,170,0.007687
baseline,171,0.014112
sandbox,171,0.014940
sandbox_setup,171,0.007492
baseline,172,0.014322
sandbox,172,0.014798
sandbox_setup,172,0.008148
baseline,173,0.013947
sandbox,173,0.014074
sandbox_setup,173,0.007299
baseline,174,0.014106
sandbox,174,0.014544
sandbox_setup,174,0.007385
baseline,175,0.014299
sandbox,175,0.014027
sandbox_setup,175,0.007165
baseline,176,0.013156
sandbox,176,0.013823
sandbox_setup,176,0.007151
baseline,177,0.014014
sandbox,177,0.015034
sandbox_setup,177,0.007107
baseline,178,0.014481
sandbox,178,0.015038
sandbox_setup,178,0.007296
baseline,179,0.014286
sandbox,179,0.013841
sandbox_setup,179,0.007170
baseline,180,0.013861
sandbox,180,0.013544
sandbox_setup,180,0.007121
baseline,181,0.014694
sandbox,181,0.016202
sandbox_setup,181,0.007371
baseline,182,0.013147
sandbox,182,0.013707
sandbox_setup,182,0.007052
baseline,183,0.013170
sandbox,183,0.014519
sandbox_setup,183,0.007115
baseline,184,0.014793
sandbox,184,0.014915
sandbox_setup,184,0.007428
baseline,185,0.014009
sandbox,185,0.026059
sandbox_setup,185,0.017958
baseline,186,0.013912
sandbox,186,0.014056
sandbox_setup,186,0.007259
baseline,187,0.014310
sandbox,187,0.013890
sandbox_setup,187,0.007083
baseline,188,0.014830
sandbox,188,0.014694
sandbox_setup,188,0.007785
baseline,189,0.013423
sandbox,189,0.014262
sandbox_setup,189,0.007138
baseline,190,0.013782
sandbox,190,0.014724
sandbox_setup,190,0.007283
baseline,191,0.014615
sandbox,191,0.014279
sandbox_setup,191,0.007425
baseline,192,0.014932
sandbox,192,0.014042
sandbox_setup,192,0.007227
baseline,193,0.015278
sandbox,193,0.014434
sandbox_setup,193,0.007424
baseline,194,0.013918
sandbox,194,0.014429
sandbox_setup,194,0.007243
baseline,195,0.013404
sandbox,195,0.014345
sandbox_setup,195,0.007197
baseline,196,0.014341
sandbox,196,0.015249
sandbox_setup,196,0.007708
baseline,197,0.014103
sandbox,197,0.014732
sandbox_setup,197,0.007592
baseline,198,0.014596
sandbox,198,0.014811
sandbox_setup,198,0.007473
baseline,199,0.014879
sandbox,199,0.014474
sandbox_setup,199,0.007399
